call_id,customer_id,duration,latitude,longitude,phone_number_called,date,time
1,206,345,-7.4842287,112.7330892,8341125440,2021-01-03,12:17:02
2,302,244,43.3851754,-80.4882672,4664701358,2021-01-03,7:36:51
3,280,207,39.0145274,-7.0611673,5689556891,2021-01-03,19:21:18
4,161,505,28.1434318,-82.3343375,8132361793,2021-01-03,7:22:42
5,363,306,-39.7466346,174.5134204,5698439711,2021-01-03,12:07:07
6,553,457,46.5075851,15.0768162,4208834517,2021-01-03,7:21:48
7,516,260,59.3433282,18.0638221,5462789703,2021-01-03,8:41:45
8,338,262,25.5527232,-80.3352364,7865665793,2021-01-03,18:34:10
9,397,405,34.527114,108.842622,6187565461,2021-01-03,22:33:01
10,957,326,23.372254,116.716446,4894995997,2021-01-03,22:14:33
11,602,426,59.2278562,15.2613386,3481503359,2021-01-03,8:08:55
12,616,90,-19.0085724,30.9015642,8052306278,2021-01-03,8:34:16
13,882,146,54.0006143,27.276841,9108060842,2021-01-03,19:14:50
14,646,456,19.535141,110.0608725,1224713310,2021-01-03,17:00:51
15,196,236,23.714316,103.267142,1645839938,2021-01-03,20:38:04
16,387,407,-16.1001798,167.4164063,8661666949,2021-01-03,18:33:58
17,636,303,40.3277798,19.4749941,8605129850,2021-01-03,8:14:39
18,892,243,8.99214,105.19602,5233728018,2021-01-03,11:28:21
19,824,329,11.4998068,11.9336539,5368680685,2021-01-03,20:28:06
20,872,363,54.0045473,27.6885079,4619733570,2021-01-03,19:11:09
21,370,203,54.236292,20.1285899,9328184799,2021-01-03,20:11:30
22,660,380,38.2924675,23.9199305,2769790729,2021-01-03,14:58:44
23,788,291,5.4459387,10.0471549,5508123538,2021-01-03,10:59:02
24,271,414,3.9201154,96.7065914,7235042616,2021-01-03,17:31:55
25,843,297,38.4490819,-9.1343145,3313163971,2021-01-03,21:19:00
26,248,390,39.1314511,-9.0148912,9454881978,2021-01-03,12:01:57
27,504,252,29.649109,117.136252,5763795416,2021-01-03,20:39:57
28,918,192,-6.669221,106.0463837,1123559644,2021-01-03,14:01:56
29,956,207,9.5700231,123.312382,3383868251,2021-01-03,18:35:14
30,664,421,4.7524091,-55.0272904,8921176845,2021-01-03,21:46:24
31,902,336,-21.120123,-42.9426188,5183082350,2021-01-03,22:01:36
32,547,408,26.893368,112.572018,8044032737,2021-01-03,7:10:41
33,220,288,53.602954,53.0390034,2768833807,2021-01-03,10:18:09
34,551,163,34.9344195,-2.2298164,7273822499,2021-01-03,21:28:31
35,821,58,43.4945737,5.8978018,2386272723,2021-01-03,20:59:27
36,383,196,17.6469953,95.4515725,2575900142,2021-01-03,22:15:45
37,270,166,-10.0519585,-36.2196853,3089727344,2021-01-03,13:15:17
38,456,318,4.733779,-74.2627569,3833181880,2021-01-03,16:12:27
39,345,301,-17.0759571,-70.8432115,9823138599,2021-01-03,8:28:07
40,773,473,28.353912,112.833836,6626097323,2021-01-03,20:17:49
41,625,537,11.1402783,106.2757514,2532947692,2021-01-03,14:25:28
42,606,159,38.9951183,139.9228567,6144897499,2021-01-03,19:28:03
43,596,500,65.5759908,22.1917204,5173603105,2021-01-03,13:25:02
44,985,342,6.7702718,7.4300234,7998079187,2021-01-03,7:15:01
45,999,266,24.086165,115.451043,6409690728,2021-01-03,7:11:28
46,377,14,57.9910574,11.5482426,3986350183,2021-01-03,20:46:55
47,440,133,0.3353678,32.6673018,7791113520,2021-01-03,9:41:35
48,166,416,-31.0767358,-64.4833187,8221547264,2021-01-03,8:13:43
49,770,187,43.6276714,-79.6306718,2535595321,2021-01-03,13:17:44
50,199,153,-34.6802091,-58.4747517,2706902814,2021-01-03,12:26:33
51,133,247,15.0072129,120.7038246,9235667377,2021-01-03,12:24:51
52,408,321,-8.2665992,113.9774369,2725959977,2021-01-03,15:20:59
53,450,542,34.8323566,33.5895956,2012723757,2021-01-03,9:42:45
54,634,406,-7.76929,114.2241895,8377927171,2021-01-03,20:35:57
55,604,72,-6.5752811,106.6939803,5048939840,2021-01-03,21:19:11
56,952,315,59.1134343,17.5786783,1937330181,2021-01-03,8:09:32
57,78,223,15.9005049,104.9361753,2959948152,2021-01-03,10:14:04
58,651,398,10.2942407,123.5836143,5889177683,2021-01-03,11:13:23
59,510,554,40.420237,114.090867,5981268729,2021-01-03,13:26:43
60,504,402,48.5851876,7.7342943,3993057685,2021-01-03,18:52:22
61,678,293,51.9695974,15.5383803,5981882205,2021-01-03,10:44:14
62,964,231,39.0638705,-108.5506486,9703778239,2021-01-03,12:02:59
63,531,392,-24.8705652,25.8640062,7771788386,2021-01-03,12:33:15
64,773,422,9.1495559,39.0241756,7436965185,2021-01-03,7:24:31
65,404,439,64.8101062,25.987464,7732432598,2021-01-03,21:36:41
66,197,506,-34.4765431,-58.7226377,4614814039,2021-01-03,7:08:30
67,244,197,41.5728211,23.7282719,2743727657,2021-01-03,14:49:45
68,874,132,29.208918,119.460526,7689615832,2021-01-03,20:28:12
69,603,254,22.105035,113.188183,3767108381,2021-01-03,11:42:29
70,6,296,36.7445146,26.9591755,3993493606,2021-01-03,8:58:58
71,380,287,23.723418,114.255942,4996587914,2021-01-03,14:44:03
72,353,635,35.7518326,104.2861116,3681513012,2021-01-03,9:00:43
73,12,205,13.8792736,45.8695185,4533947209,2021-01-03,15:19:52
74,897,158,50.4315612,4.4472854,4885510992,2021-01-03,7:43:13
75,485,500,32.625478,116.999932,8789027972,2021-01-03,9:23:36
76,14,331,40.49155,69.70245,5353957490,2021-01-03,15:41:43
77,687,502,-6.6817255,106.851763,6622891987,2021-01-03,8:25:11
78,968,361,14.5473421,120.997522,8993225084,2021-01-03,20:28:45
79,475,252,-33.5482466,-71.6045745,4505302172,2021-01-03,20:00:04
80,371,294,57.5113755,11.9586978,7443314353,2021-01-03,9:49:47
81,108,266,-1.550129,103.449501,5756420455,2021-01-03,9:39:34
82,137,274,59.9486019,10.7309257,5553418209,2021-01-03,13:57:10
83,833,312,14.5624842,121.0482871,2708461268,2021-01-03,8:52:48
84,70,263,-16.6481974,-50.3069088,9072298663,2021-01-03,12:46:50
85,788,119,30.6907753,49.8240194,2199024344,2021-01-03,17:21:55
86,622,420,-8.178717,112.2264794,4132078879,2021-01-03,13:59:50
87,748,481,38.6436333,-8.9810063,8403989443,2021-01-03,16:29:39
88,443,448,13.5122393,-88.8694951,9593521286,2021-01-03,10:16:27
89,189,173,14.0603353,-88.6952444,9894007484,2021-01-03,22:26:13
90,754,157,30.60215,110.836537,7478414673,2021-01-03,18:29:28
91,779,518,13.302428,123.4403955,9737909081,2021-01-03,21:36:05
92,508,314,-29.7844393,-55.7980283,7522024722,2021-01-03,13:08:28
93,631,274,12.1628466,6.6745042,7687601887,2021-01-03,11:33:02
94,606,266,21.6071636,105.1492869,2384484460,2021-01-03,18:57:29
95,732,194,33.320546,100.547156,1797177260,2021-01-03,16:12:12
96,113,323,31.922974,118.663681,3448592048,2021-01-03,10:46:43
97,267,389,24.44218,114.938684,1537084893,2021-01-03,19:38:17
98,729,382,25.152278,104.241546,5435133230,2021-01-03,20:05:08
99,144,477,44.691336,129.696957,1021736832,2021-01-03,21:59:49
100,741,377,52.6545685,41.4475479,3472491774,2021-01-03,15:09:39
101,832,318,-6.3477635,31.0736389,6358209445,2021-01-03,13:48:17
102,903,448,40.74,-74.17,8621249135,2021-01-03,14:37:15
103,349,418,11.7931418,17.1632224,7296895045,2021-01-03,21:26:10
104,687,571,39.927952,21.80854,2309538868,2021-01-03,12:46:13
105,603,267,40.1572681,-8.1106277,7824055073,2021-01-03,8:11:53
106,504,266,15.6927248,119.9351455,3712839636,2021-01-03,16:08:17
107,605,358,39.875265,25.063448,6741378568,2021-01-03,22:53:34
108,480,445,-6.9895044,110.4329118,5331074676,2021-01-03,20:28:41
109,882,201,24.646975,116.951541,8854331958,2021-01-03,14:59:35
110,441,544,33.4243373,-82.1387233,7063158085,2021-01-03,17:41:51
111,725,490,1.205329,124.7826,6743393594,2021-01-03,21:34:21
112,229,234,50.20027,17.8287,7023425024,2021-01-03,21:40:51
113,794,410,35.7390788,140.3438019,2428817664,2021-01-03,20:26:19
114,45,427,36.063689,120.388883,3192551167,2021-01-03,13:58:45
115,372,266,0.968911,-77.521175,8659569746,2021-01-03,10:06:12
116,327,165,-34.8681929,-56.0333596,8247290316,2021-01-03,7:00:04
117,162,276,-2.6986297,-59.7002779,8539119385,2021-01-03,10:04:14
118,196,291,55.0449125,67.8812063,6738814637,2021-01-03,13:51:10
119,471,491,28.899664,88.021674,5682994220,2021-01-03,7:15:55
120,613,366,40.0856412,-8.2896115,3401498297,2021-01-03,18:29:21
121,192,315,48.6632704,33.0967875,7988140846,2021-01-03,13:35:29
122,77,135,22.974898,113.993115,5706452803,2021-01-03,14:11:02
123,767,375,39.0800897,-8.7620955,8668282075,2021-01-03,12:30:53
124,848,324,48.9167257,2.3179316,2768007115,2021-01-03,22:16:24
125,173,127,4.2784597,126.8573186,3031349723,2021-01-03,20:16:30
126,588,289,-7.2541395,112.7703313,7114790655,2021-01-03,8:00:08
127,379,152,-33.4408815,-70.6516913,6002770544,2021-01-03,11:21:23
128,494,224,50.2689038,17.2529709,4858377246,2021-01-03,13:20:45
129,999,411,59.4213909,17.8590775,5447449456,2021-01-03,8:57:56
130,437,332,-39.2147054,176.6906671,5351246479,2021-01-03,11:37:34
131,447,428,41.8214682,-7.4930317,1339505771,2021-01-03,14:24:53
132,566,283,15.0929667,120.6560529,2373135006,2021-01-03,9:23:40
133,269,340,14.1893533,122.5171185,6987949134,2021-01-03,13:34:41
134,24,246,11.1506898,108.4869555,3554084171,2021-01-03,10:32:55
135,719,413,7.54326,126.0733316,9271975077,2021-01-03,19:16:21
136,992,380,60.9842542,72.6081038,6496373138,2021-01-03,13:30:25
137,278,204,6.6402,121.8395,1881134947,2021-01-03,8:20:18
138,800,491,31.9566347,35.8472427,8593383335,2021-01-03,12:59:39
139,883,98,56.1705322,14.8628712,2809833474,2021-01-03,7:50:17
140,37,164,4.6889438,-75.777846,9459296150,2021-01-03,20:16:27
141,875,300,-6.4933318,106.8809319,2915157157,2021-01-03,15:39:33
142,742,125,-41.3115175,174.7861404,1322243689,2021-01-03,19:25:49
143,330,247,-8.7698185,121.3312882,1379715305,2021-01-03,14:01:00
144,497,272,48.3117809,23.041894,1863607322,2021-01-03,14:28:51
145,715,65,37.870792,114.406305,5687171529,2021-01-03,13:06:22
146,692,607,41.7958532,-8.5356936,8463194366,2021-01-03,7:18:49
147,110,248,49.6400856,17.2107059,2738416133,2021-01-03,17:27:41
148,947,268,48.0951271,114.5356247,9253725512,2021-01-03,12:32:11
149,770,401,59.4744985,18.3007988,6404552067,2021-01-03,14:21:46
150,366,282,4.809984,-74.354009,2607956698,2021-01-03,11:31:00
151,867,239,44.4868448,43.9408057,8199285234,2021-01-03,21:02:59
152,937,337,8.0740824,-69.3041431,8687231230,2021-01-03,16:39:52
153,233,214,34.40744,70.63937,7759522059,2021-01-03,14:20:35
154,492,275,32.009016,112.122426,6374509205,2021-01-03,20:25:32
155,867,340,7.253201,80.510807,8371208298,2021-01-03,7:07:20
156,896,232,-2.4659779,28.817249,8616334840,2021-01-03,10:37:59
157,84,309,41.5289432,-8.264878,9673932178,2021-01-03,18:47:57
158,654,192,7.9819981,-81.0423429,7144848845,2021-01-03,18:32:09
159,700,196,55.3315791,38.8842656,1707962345,2021-01-03,20:51:04
160,135,103,29.696195,106.79542,4102507686,2021-01-03,19:41:33
161,701,88,14.7040142,121.0697978,1704100420,2021-01-03,13:48:51
162,863,341,-8.2641378,-78.1546617,2885360577,2021-01-03,10:15:59
163,359,260,55.6386983,13.1962394,4778098604,2021-01-03,10:10:20
164,328,495,-22.1943942,-48.7780959,1359579664,2021-01-03,19:31:19
165,516,235,33.2771465,131.150964,1454630268,2021-01-03,10:34:08
166,15,233,49.8180882,22.4761571,8608298724,2021-01-03,22:58:19
167,294,256,14.7869469,120.9952041,7567499617,2021-01-03,10:13:43
168,259,469,34.341574,108.93977,9582988838,2021-01-03,9:05:57
169,581,276,35.547715,103.506415,5521433584,2021-01-03,9:59:24
170,206,347,46.3989378,15.8176288,4061321166,2021-01-03,19:04:09
171,200,86,16.6054808,121.1848786,1312071561,2021-01-03,11:40:28
172,61,169,32.009016,112.122426,2404677883,2021-01-03,22:24:16
173,941,394,21.860756,112.6937778,3864208592,2021-01-03,7:04:21
174,764,223,-41.3336941,173.1927874,2851458014,2021-01-03,10:52:20
175,234,350,31.4805866,-97.7347956,2546533016,2021-01-03,19:33:00
176,129,375,57.6814887,39.8556491,3081391499,2021-01-03,21:21:41
177,956,366,22.916134,114.1002135,4769704871,2021-01-03,12:32:55
178,722,343,17.1238845,-61.8233706,8631176383,2021-01-03,22:58:18
179,304,346,35.30385,113.875245,3567311838,2021-01-03,10:55:05
180,144,517,47.93,-97.03,7016857163,2021-01-03,8:25:29
181,512,570,32.5887159,74.5022234,5618693786,2021-01-03,22:09:55
182,693,134,52.6738562,41.7631303,9047319023,2021-01-03,20:23:15
183,14,187,63.1908332,64.4183685,8092161489,2021-01-03,17:54:36
184,806,153,-6.9528113,111.9880199,4901995411,2021-01-03,19:17:40
185,707,272,36.956333,45.3878348,8705028674,2021-01-03,20:19:41
186,335,17,55.69153,37.493374,7876556375,2021-01-03,17:33:10
187,925,195,54.9794837,50.3850925,8075163965,2021-01-03,14:17:17
188,933,141,23.36225,103.374576,2688080197,2021-01-03,15:13:32
189,258,243,20.8965838,-105.4093552,1364277096,2021-01-03,22:56:17
190,884,414,-2.609012,112.403397,9044414877,2021-01-03,10:00:43
191,620,91,10.35,124.8,3143177145,2021-01-03,14:00:04
192,256,460,43.6943099,2.0376775,7326538452,2021-01-03,13:17:11
193,341,170,-5.1443118,-38.0850339,1593696179,2021-01-03,14:41:48
194,403,241,5.7204203,10.901604,7644122861,2021-01-03,7:46:37
195,512,334,38.0434058,-121.2969674,2091798704,2021-01-03,17:50:27
196,964,366,-8.1544,122.789,6376689791,2021-01-03,16:58:40
197,756,468,52.0296117,5.1841395,4428789911,2021-01-03,18:07:36
198,498,538,14.5659717,121.0108932,2635975200,2021-01-03,16:15:54
199,926,243,-8.1469688,112.2890705,6684888506,2021-01-03,18:58:14
200,50,403,-8.035636,111.9969626,8473236467,2021-01-03,16:19:55
201,680,295,14.7043324,107.6984879,8343067834,2021-01-03,12:29:13
202,569,261,34.9344195,-2.2298164,3171876220,2021-01-03,8:07:54
203,849,202,-7.9780918,112.8007246,8203157520,2021-01-03,8:45:00
204,166,116,31.869937,35.065202,6724569286,2021-01-03,7:36:46
205,894,398,48.4089744,135.123385,2623083887,2021-01-03,22:08:18
206,719,258,24.8500604,90.6387949,6115239012,2021-01-03,8:55:58
207,960,404,57.4346086,15.0586931,1246411348,2021-01-03,11:36:47
208,551,506,1.48833,124.97444,5667990733,2021-01-03,9:39:04
209,731,144,32.4279191,13.6420599,9153531335,2021-01-03,11:59:21
210,920,599,50.8777778,6.0781852,6427219838,2021-01-03,17:14:42
211,590,96,59.1743317,10.1431781,1452956911,2021-01-03,22:38:25
212,204,211,32.959602,110.998005,4252909290,2021-01-03,15:58:38
213,1000,304,-12.3992902,-74.8659421,8658427055,2021-01-03,16:07:15
214,737,286,44.0519136,42.8429639,6905393288,2021-01-03,17:14:21
215,873,445,51.9560413,18.3741855,3487482749,2021-01-03,21:29:04
216,335,464,-6.3235522,106.6948015,7599417021,2021-01-03,17:24:29
217,893,353,10.37418,11.69541,1724554839,2021-01-03,10:14:48
218,967,493,11.166186,123.0143617,8077910331,2021-01-03,14:01:49
219,604,395,51.05359,18.4535,8281096513,2021-01-03,17:30:05
220,192,447,63.8898032,23.9240625,3393087928,2021-01-03,19:42:06
221,453,300,39.7343087,-8.9156201,8971395426,2021-01-03,18:06:09
222,658,517,18.2028605,-73.8874799,1545704481,2021-01-03,12:00:06
223,27,357,40.23921,116.12895,9667143129,2021-01-03,14:57:35
224,240,454,22.676245,113.418215,9444013733,2021-01-03,12:45:23
225,798,243,34.7683548,134.8305397,2173892292,2021-01-03,8:49:17
226,822,358,40.7069884,22.5450139,1661954571,2021-01-03,18:20:35
227,614,265,39.19537,117.218044,6737832359,2021-01-03,14:18:40
228,527,363,-6.9401027,108.2318208,7367974724,2021-01-03,10:19:16
229,38,545,5.011706,-74.470362,4676151114,2021-01-03,11:32:59
230,196,550,55.2087523,62.0636608,1187711712,2021-01-03,22:41:22
231,909,219,19.7413519,96.2004383,3901430669,2021-01-03,7:40:19
232,715,304,46.0765073,-66.7299108,6422662720,2021-01-03,8:16:14
233,303,378,11.4894238,-3.523092,3332590058,2021-01-03,7:30:28
234,670,313,51.3842543,58.9999439,1375756077,2021-01-03,22:12:45
235,782,457,15.2881534,-91.0894479,3601874645,2021-01-03,18:01:10
236,56,309,-10.8812955,-75.0611147,3096456395,2021-01-03,20:51:10
237,294,226,27.783878,106.585841,9592987319,2021-01-03,15:17:15
238,415,425,23.2033136,116.371665,5186948771,2021-01-03,11:24:36
239,44,576,36.730837,104.785208,1167349872,2021-01-03,13:42:45
240,968,63,41.055232,19.9537797,4043562636,2021-01-03,19:09:27
241,889,350,55.1264168,39.7951718,6543256451,2021-01-03,13:49:55
242,212,263,13.3198572,-87.1622344,4153613870,2021-01-03,15:49:03
243,189,433,50.255556,136.640833,3932984410,2021-01-03,22:47:14
244,820,325,51.159,21.64911,8321651344,2021-01-03,14:56:15
245,341,307,-16.2142869,-69.4575979,3847685848,2021-01-03,12:53:35
246,331,208,56.2270517,15.3137401,7277036312,2021-01-03,12:36:05
247,248,242,52.4598946,17.6844943,6604160678,2021-01-03,21:06:59
248,207,101,43.0429124,1.9038837,7218759382,2021-01-03,20:06:15
249,356,423,52.7572749,78.2041704,9688926720,2021-01-03,7:51:30
250,193,265,-27.7145846,-48.5606259,6778206987,2021-01-03,7:42:27
251,832,335,37.0098187,-76.4273844,7575764832,2021-01-03,11:58:14
252,981,346,16.1393157,103.604946,3991347685,2021-01-03,19:31:26
253,317,416,18.4581133,-69.3044885,3082530878,2021-01-03,19:11:07
254,568,256,-35.4232444,-71.6484804,2771257635,2021-01-03,11:12:13
255,359,199,-8.802,121.3118,1017934156,2021-01-03,12:42:21
256,662,307,32.0607438,45.2384164,1789739390,2021-01-03,12:38:56
257,710,193,41.946541,-8.5374197,6603365588,2021-01-03,12:37:31
258,323,347,-22.6604341,-50.4187813,2965321666,2021-01-03,13:16:18
259,158,457,-16.5625267,-41.8402054,3224819115,2021-01-03,18:41:20
260,409,332,37.1120141,-93.3086778,4177991845,2021-01-03,11:12:27
261,411,298,29.2964866,48.079379,7321871861,2021-01-03,10:29:18
262,75,426,43.9887651,18.1798837,3157178524,2021-01-03,8:43:16
263,676,205,9.7970175,35.0993687,7913388113,2021-01-03,18:36:23
264,986,321,32.4438,35.20184,2308679917,2021-01-03,21:40:43
265,992,196,13.3888199,102.1175404,2103117235,2021-01-03,8:47:39
266,705,316,42.5246357,87.5395855,8663772481,2021-01-03,11:58:05
267,248,196,49.935213,21.8727139,4835077109,2021-01-03,20:06:25
268,667,511,15.97431,43.46381,4964678387,2021-01-03,20:26:38
269,560,314,22.6695494,113.2476081,7541006416,2021-01-03,15:48:38
270,753,347,-8.139894,36.681728,4771877546,2021-01-03,18:56:52
271,488,364,49.2752229,1.207968,2596023167,2021-01-03,11:54:03
272,148,75,49.2549921,17.2899103,7308356104,2021-01-03,20:33:32
273,885,144,27.817808,114.917346,3825453895,2021-01-03,11:52:34
274,902,394,51.0279541,18.4228918,5416627194,2021-01-03,12:35:06
275,658,314,56.5092219,25.7635891,8184750671,2021-01-03,20:47:57
276,210,235,20.9455701,-101.4423451,4731307901,2021-01-03,18:59:01
277,871,221,-34.6906944,-58.601544,3429330709,2021-01-03,21:42:42
278,44,374,47.585569,18.3979984,1902858233,2021-01-03,10:47:21
279,904,389,65.0344464,25.8438146,5322225791,2021-01-03,8:10:03
280,590,631,46.48684,32.97498,6078743619,2021-01-03,17:28:33
281,742,314,52.5299344,17.6034134,7496980175,2021-01-03,12:10:41
282,713,250,10.3826543,-61.2984221,9041849449,2021-01-03,10:57:06
283,962,189,55.8437552,38.3176424,1787220085,2021-01-03,13:11:46
284,484,42,-6.719137,108.4703138,2464778787,2021-01-03,14:46:18
285,346,481,-7.1911536,107.6156133,1588568116,2021-01-03,20:07:40
286,465,194,11.4496002,124.9415553,2542029518,2021-01-03,12:22:29
287,134,215,10.5570353,-85.68986,4473020457,2021-01-03,9:08:12
288,812,325,10.3765284,106.3438891,5964846529,2021-01-03,22:54:53
289,790,515,17.1374798,-62.6236633,8638452842,2021-01-03,7:32:11
290,604,173,24.780966,112.377361,7514857745,2021-01-03,12:44:32
291,71,234,13.0730815,123.5982956,9556810418,2021-01-03,19:40:02
292,681,353,-20.6974477,-48.1597946,7255787238,2021-01-03,12:54:15
293,993,399,49.8508,-100.93262,6121614463,2021-01-03,12:01:22
294,640,372,28.021131,120.599782,8733871921,2021-01-03,15:29:35
295,705,238,21.0877573,105.6603149,7086832195,2021-01-03,11:01:02
296,430,368,58.5920069,16.1867248,4806067978,2021-01-03,10:38:04
297,868,324,-6.7098551,111.3479498,7089588274,2021-01-03,14:33:39
298,636,441,37.1017088,70.5552362,8896206666,2021-01-03,15:54:08
299,39,453,41.068909,122.949298,8771821697,2021-01-03,20:03:52
300,816,311,57.330777,23.102146,6572101146,2021-01-03,9:20:25
301,720,207,32.147679,114.091192,8503241805,2021-01-03,13:06:16
302,397,250,31.491169,120.31191,9499642373,2021-01-03,11:39:46
303,4,126,40.417358,117.500558,2911189629,2021-01-03,17:13:48
304,298,262,-6.9661799,112.3561297,5842797892,2021-01-03,16:15:01
305,135,107,58.0312993,38.6043668,2666829917,2021-01-03,10:21:35
306,944,230,26.491105,107.589359,1995015694,2021-01-03,22:25:34
307,640,154,57.0473929,44.8980984,5967247266,2021-01-03,7:24:19
308,795,435,54.2139021,21.5226322,9356233575,2021-01-03,12:59:49
309,639,283,48.5597333,7.7459273,3172210524,2021-01-03,11:53:47
310,9,175,34.72722,112.789534,2596594161,2021-01-03,13:50:02
311,743,111,52.7374494,20.7171134,1048888280,2021-01-03,13:22:40
312,653,174,41.1733305,-8.3619748,8206450752,2021-01-03,19:01:05
313,47,364,47.3168226,47.3786779,8057542223,2021-01-03,21:56:24
314,704,570,-24.2481501,-54.7576819,2166036950,2021-01-03,17:47:08
315,616,312,14.5302201,100.9192009,6125751899,2021-01-03,16:43:25
316,678,151,29.9188786,121.8108521,1843606268,2021-01-03,8:28:06
317,877,198,9.4488704,-82.485187,1529021180,2021-01-03,10:01:59
318,648,91,52.5750765,15.7420508,4995478418,2021-01-03,13:25:53
319,602,349,-7.3559,107.8034,2016316483,2021-01-03,18:14:38
320,600,228,14.5618599,121.0130439,6865089641,2021-01-03,10:31:17
321,418,340,49.3637828,-123.2679395,4048044629,2021-01-03,8:42:38
322,428,418,41.136319,-8.2053479,3804358055,2021-01-03,16:56:58
323,271,465,-23.3516191,43.6854936,8775614611,2021-01-03,17:32:37
324,532,248,22.654032,110.18122,8996691237,2021-01-03,19:38:11
325,67,356,10.9667039,107.0303221,7191339390,2021-01-03,14:40:52
326,708,233,26.5502644,37.9678652,2855828493,2021-01-03,19:52:32
327,373,275,37.1578431,68.8824233,6163865341,2021-01-03,7:48:41
328,851,453,45.0497462,-93.4824636,6129869567,2021-01-03,17:40:56
329,35,348,49.7877327,37.1720386,2483412872,2021-01-03,15:47:21
330,554,148,6.1816141,6.5303102,8821684115,2021-01-03,18:57:46
331,312,159,27.855928,113.173487,6834076175,2021-01-03,15:13:30
332,347,206,33.20206,105.278491,3795990245,2021-01-03,7:39:29
333,101,56,-4.5585849,105.4068079,1286527335,2021-01-03,9:44:45
334,658,354,40.4531669,50.089775,5445643454,2021-01-03,14:57:37
335,734,266,11.237963,122.6733826,2683377926,2021-01-03,14:45:58
336,878,368,6.7139748,6.3279244,7395740060,2021-01-03,18:14:27
337,860,387,29.756501,121.507191,7105828470,2021-01-03,18:58:25
338,544,439,42.1309737,24.9390156,4126262319,2021-01-03,11:08:44
339,312,489,41.11028,21.01139,4574564163,2021-01-03,18:07:34
340,986,274,46.0457437,14.8410058,6546274681,2021-01-03,16:30:03
341,78,344,14.2054868,-86.6069287,2359302548,2021-01-03,21:24:47
342,594,114,24.705643,118.43196,3827212583,2021-01-03,14:58:14
343,713,444,45.4863306,-122.8020059,5032740468,2021-01-03,20:19:52
344,423,416,34.800458,114.364875,5215397816,2021-01-03,19:57:46
345,3,263,49.8853772,18.0624625,8648800204,2021-01-03,13:51:55
346,224,266,56.166667,107.433333,6785917593,2021-01-03,21:45:39
347,679,176,-8.5248669,117.3959673,7058528595,2021-01-03,22:26:17
348,210,431,9.8566537,123.1426191,6921610736,2021-01-03,14:10:42
349,660,530,-8.4592507,-76.4619911,8386948909,2021-01-03,16:40:56
350,572,273,2.8583,97.7578,7285176005,2021-01-03,18:13:32
351,82,172,18.1686828,120.7050032,8364186277,2021-01-03,11:37:00
352,40,224,28.924679,115.245001,8184595795,2021-01-03,19:54:24
353,29,296,13.7558622,7.986535,2911581521,2021-01-03,18:24:09
354,112,439,4.9697573,10.7013332,1548440618,2021-01-03,17:09:29
355,377,158,23.701262,117.430061,7047909679,2021-01-03,7:15:01
356,746,343,34.728584,112.132488,1985724796,2021-01-03,7:27:11
357,15,341,-14.1387292,-71.4091563,6621529293,2021-01-03,21:09:05
358,800,476,-7.0197713,113.8614481,5429982611,2021-01-03,15:08:08
359,578,132,5.4653142,95.2579968,7094706118,2021-01-03,21:46:42
360,619,241,31.154122,114.728689,8262664725,2021-01-03,17:40:02
361,14,430,30.070453,115.944218,1455726168,2021-01-03,14:26:46
362,140,362,42.3233666,-7.8585562,7371455358,2021-01-03,15:06:17
363,446,492,-7.3090733,108.1859765,6646100207,2021-01-03,11:42:25
364,604,401,14.53333,-88.81667,2603780327,2021-01-03,19:43:15
365,868,438,50.3530658,36.8272273,6969987196,2021-01-03,7:26:50
366,267,283,-25.790615,28.3323137,1161653733,2021-01-03,16:40:24
367,650,531,57.3529283,37.5917237,9062648729,2021-01-03,7:01:55
368,662,218,10.8325561,5.8274722,7168139640,2021-01-03,19:05:33
369,578,507,54.76667,24.8,3229204964,2021-01-03,13:56:40
370,120,360,58.3598758,33.9054011,3616880716,2021-01-03,13:42:41
371,445,230,58.7028901,13.8453002,8115607827,2021-01-03,18:30:15
372,705,231,41.4493594,44.5488663,6579710379,2021-01-03,19:31:01
373,641,274,48.1048559,-1.6294466,5538198822,2021-01-03,21:24:24
374,563,214,7.253201,80.510807,4011995724,2021-01-03,12:36:22
375,921,397,22.951554,112.10915,8906697842,2021-01-03,20:19:25
376,210,456,-3.9148823,-60.8609358,3857087728,2021-01-03,15:07:50
377,340,416,49.9313612,14.3818464,7682662098,2021-01-03,17:56:48
378,3,406,19.2874648,-99.6494479,5277657084,2021-01-03,16:23:48
379,954,600,30.741991,121.341969,5531122554,2021-01-03,22:23:52
380,922,331,39.8843177,-8.1035981,5554437479,2021-01-03,9:53:04
381,338,398,31.479648,93.680881,9399966827,2021-01-03,7:10:46
382,321,342,49.7769817,16.9194672,2486564101,2021-01-03,22:12:23
383,760,293,45.8174856,17.1851,3392830164,2021-01-03,13:20:34
384,817,485,43.57344,44.06134,3245404290,2021-01-03,9:05:06
385,245,209,50.5658445,14.6542767,4858519715,2021-01-03,7:35:33
386,464,201,12.5450478,-87.1659731,9517347108,2021-01-03,8:01:31
387,545,232,8.0478831,-2.807864,1711618387,2021-01-03,11:22:53
388,466,359,45.2497275,19.3967698,5608756662,2021-01-03,22:33:51
389,805,216,43.9704382,12.4867883,1827491654,2021-01-03,12:36:43
390,698,333,-34.6945604,-58.3120234,6456418016,2021-01-03,18:42:32
391,658,234,40.4967133,49.8797117,1172783740,2021-01-03,8:50:41
392,202,209,45.0804254,14.0845863,9649880013,2021-01-03,20:51:34
393,535,344,41.0606685,24.0475546,5611963712,2021-01-03,16:13:03
394,523,293,48.6490636,24.3699935,6119937834,2021-01-03,20:13:57
395,250,343,40.6039378,141.3259605,1409734340,2021-01-03,14:43:13
396,683,183,53.29667,16.99062,8886550472,2021-01-03,17:57:25
397,255,380,9.316446,16.1610343,8575436788,2021-01-03,12:10:38
398,898,43,-10.22485,120.548897,1516396097,2021-01-03,12:13:21
399,567,336,51.626324,39.4129061,5768233323,2021-01-03,7:52:52
400,11,215,-7.0448624,111.9075351,4604198828,2021-01-03,8:51:17
401,433,97,26.948759,113.791708,9072624875,2021-01-03,14:28:54
402,977,383,27.091274,113.439972,6037482207,2021-01-03,17:13:07
403,610,433,56.1748458,14.849374,3734567082,2021-01-03,12:04:33
404,278,261,7.6949299,18.6264694,7777174712,2021-01-03,22:03:18
405,987,321,44.166512,79.999974,4501593096,2021-01-03,14:57:14
406,897,201,27.456658,112.175245,3445693597,2021-01-03,15:11:59
407,331,320,-11.7283752,-49.0686083,5198120884,2021-01-03,14:13:46
408,713,302,28.555787,121.244605,5744839480,2021-01-03,19:37:37
409,502,285,36.6493964,139.8816085,4536062201,2021-01-03,9:46:00
410,62,213,4.4495458,11.9062829,7718606947,2021-01-03,12:17:52
411,453,263,44.7821727,20.4514425,3422069395,2021-01-03,13:42:09
412,305,327,29.770279,84.03153,4152342268,2021-01-03,14:54:47
413,304,297,-3.879263,-38.612338,5588937836,2021-01-03,17:29:26
414,607,273,-6.6906402,-35.5000999,9818867662,2021-01-03,14:45:56
415,431,403,45.9166015,18.9673241,5426747478,2021-01-03,17:45:31
416,55,307,44.1307982,143.7192925,2959125279,2021-01-03,22:02:32
417,652,276,43.3572645,16.9520477,1332001044,2021-01-03,14:03:12
418,240,256,13.5009779,7.1036396,5941042395,2021-01-03,13:19:56
419,175,328,59.3551153,17.9700257,1962356610,2021-01-03,12:56:25
420,27,463,-5.9640712,34.1225927,4235684213,2021-01-03,9:16:23
421,653,202,9.812741,106.2992912,6739777960,2021-01-03,9:59:22
422,400,554,34.4198488,70.4729434,2954767656,2021-01-03,20:19:17
423,200,375,55.86667,37.5,5114710916,2021-01-03,21:03:55
424,556,224,7.8386702,124.3387307,6911742392,2021-01-03,22:38:58
425,694,416,42.5246357,87.5395855,3532792605,2021-01-03,22:30:12
426,340,410,42.0963895,19.1359789,1526876364,2021-01-03,19:34:09
427,498,294,14.5795923,121.05079,2754935742,2021-01-03,14:37:37
428,382,255,29.356803,113.12873,7581521374,2021-01-03,19:09:00
429,942,490,28.260189,117.069202,3792192090,2021-01-03,21:17:24
430,131,408,58.6124906,16.157269,5727123714,2021-01-03,8:20:33
431,464,370,49.9511113,35.9407539,7502504199,2021-01-03,15:29:49
432,170,297,40.8318278,44.2797884,8692017831,2021-01-03,18:36:09
433,156,260,-23.4602881,-45.0479872,5102252971,2021-01-03,21:11:30
434,629,237,37.4562557,126.7052062,3956231919,2021-01-03,12:21:55
435,275,477,44.1307982,143.7192925,4313825857,2021-01-03,18:05:57
436,234,369,51.6711341,20.1795118,1303628900,2021-01-03,21:38:37
437,299,193,32.19061,35.29332,9235258104,2021-01-03,14:36:30
438,313,329,15.9793744,120.1912435,2839557240,2021-01-03,11:35:04
439,870,155,47.0162884,-68.1429994,3321072872,2021-01-03,10:12:35
440,811,445,40.0257239,47.3290937,4788790735,2021-01-03,14:16:10
441,339,588,25.152278,104.241546,6172602711,2021-01-03,7:09:57
442,385,273,38.97513,26.3684411,4844192786,2021-01-03,19:52:04
443,858,208,32.272766,119.579153,5277583397,2021-01-03,12:57:04
444,19,370,-26.2586271,-48.6349331,6639630226,2021-01-03,18:41:20
445,572,164,48.6282422,38.3727153,8624045989,2021-01-03,13:58:26
446,143,536,23.744617,102.674499,3004869120,2021-01-03,9:15:01
447,481,396,-8.6417702,126.3795987,2632155379,2021-01-03,15:34:21
448,70,280,52.958682,48.319948,8497945715,2021-01-03,11:46:10
449,980,408,-21.0209448,-41.1547688,3647991823,2021-01-03,21:40:37
450,31,332,41.1060534,-7.9642047,8748221537,2021-01-03,15:37:02
451,589,240,33.766169,113.192661,9649697245,2021-01-03,17:13:01
452,42,301,39.1020713,21.0837161,8974280123,2021-01-03,14:17:09
453,740,360,14.1175166,105.8547173,9475348105,2021-01-03,13:29:37
454,451,256,22.974898,113.993115,5855536898,2021-01-03,13:15:33
455,242,151,30.0781136,102.7319467,9038033058,2021-01-03,22:51:34
456,277,413,42.9598744,-81.2353612,3667995395,2021-01-03,14:34:50
457,397,414,40.8428562,43.7557983,1471559797,2021-01-03,8:47:56
458,732,108,-23.047822,-50.068456,4121129102,2021-01-03,8:44:31
459,83,331,39.7167888,-104.9665815,3031182617,2021-01-03,14:47:45
460,553,514,22.825065,100.966512,5803777178,2021-01-03,10:00:14
461,57,281,46.8467747,40.5510554,2331325488,2021-01-03,13:00:43
462,767,238,34.010666,104.395657,9403749605,2021-01-03,11:32:49
463,900,280,-6.9100633,107.7147697,5913567871,2021-01-03,9:26:30
464,852,353,-7.5450262,111.6556388,4994250649,2021-01-03,18:02:26
465,189,195,-7.6695988,109.9526633,9029265489,2021-01-03,11:14:19
466,395,70,49.7692372,43.6416286,3404378061,2021-01-03,13:39:13
467,163,353,35.414982,116.587282,3524340953,2021-01-03,16:33:20
468,657,275,-6.6328316,111.1041635,2422199414,2021-01-03,17:03:21
469,126,163,31.2303904,121.4737021,8069880752,2021-01-03,12:35:16
470,323,247,53.0949398,-7.9139891,7215821608,2021-01-03,17:54:24
471,950,374,-10.37092,-77.492203,3943553041,2021-01-03,16:24:53
472,538,105,15.2402083,-91.8440552,3255903188,2021-01-03,20:26:28
473,67,374,22.183206,112.305145,8782574313,2021-01-03,19:52:07
474,284,81,53.3656498,34.1098425,1644044544,2021-01-03,15:29:04
475,920,115,-8.2665992,113.9774369,3232961366,2021-01-03,9:11:27
476,623,421,16.109324,119.8289909,1913852117,2021-01-03,18:30:08
477,33,235,31.2777088,49.5993167,6529033905,2021-01-03,7:04:31
478,801,568,27.049109,108.42969,9185580698,2021-01-03,22:06:22
479,462,436,38.627867,114.506303,5835296348,2021-01-03,18:03:42
480,21,402,54.7991023,105.1718357,5024382872,2021-01-03,18:15:45
481,474,94,23.106401,113.459749,1331592616,2021-01-03,13:57:27
482,25,183,32.325027,35.220164,8869739888,2021-01-03,15:28:24
483,963,401,41.6920942,-70.9427914,5086595303,2021-01-03,22:23:21
484,811,188,48.8588029,24.9968117,5545571485,2021-01-03,17:40:10
485,546,352,26.694208,115.939083,4264317746,2021-01-03,12:04:41
486,939,66,-7.0131132,106.7023304,9645995345,2021-01-03,11:13:43
487,660,255,-12.3090253,44.4364706,3891817680,2021-01-03,15:21:14
488,578,483,46.08341,-62.88197,6566984071,2021-01-03,20:45:24
489,890,408,39.8230099,119.4891595,6805543492,2021-01-03,10:47:50
490,580,86,-8.3418,112.5618,7265460886,2021-01-03,22:24:37
491,437,467,16.0501738,103.5899733,9534370683,2021-01-03,16:53:20
492,947,294,47.9755808,80.432736,9066279085,2021-01-03,8:53:03
493,894,347,56.9084942,36.234674,9429717372,2021-01-03,22:39:58
494,649,443,36.3163,74.6786,2501352980,2021-01-03,7:58:03
495,543,386,41.4273946,75.9840587,1781868857,2021-01-03,21:46:31
496,529,377,14.9817467,-87.8893383,9139677324,2021-01-03,22:35:27
497,405,275,35.2853171,139.854819,8393463201,2021-01-03,16:25:09
498,473,151,16.9296881,-89.8909572,2985986292,2021-01-03,21:59:22
499,302,346,39.3253135,-9.232542,1329226040,2021-01-03,17:44:24
500,949,175,54.2694844,-7.0943023,1343725915,2021-01-03,14:50:05
501,107,314,41.5838798,-8.5932108,6085719841,2021-01-03,13:24:00
502,138,414,-5.0980884,-80.1657463,5216551234,2021-01-03,7:03:57
503,868,47,50.781501,20.1074449,1991225056,2021-01-03,7:12:30
504,818,327,40.941983,19.6996428,7496344348,2021-01-03,16:23:34
505,553,295,32.8872867,130.8841776,1327373480,2021-01-03,10:36:36
506,529,318,36.1592882,-95.9964783,9181518788,2021-01-03,8:18:07
507,482,135,46.20006,-72.13239,3626247216,2021-01-03,7:16:04
508,913,263,37.215613,121.267875,3115688613,2021-01-03,11:04:00
509,566,167,-6.3145542,107.1032236,9675893249,2021-01-03,21:08:17
510,73,371,8.9800511,126.2545687,8175119715,2021-01-03,13:54:13
511,126,1,44.509727,18.0254081,2798558479,2021-01-03,11:00:58
512,876,318,57.9250754,13.8832143,3779810281,2021-01-03,10:35:41
513,639,310,43.7441795,2.511999,6063386026,2021-01-03,18:45:26
514,243,169,-4.2141655,142.8151948,3796576712,2021-01-03,21:35:33
515,451,534,-9.6635623,124.0251538,5346421076,2021-01-03,9:03:59
516,652,334,30.7292723,31.7977797,2019524828,2021-01-03,20:14:59
517,97,506,50.4034992,26.141892,7124916556,2021-01-03,18:34:05
518,730,602,44.7696167,19.2935412,2791770989,2021-01-03,16:57:09
519,543,332,49.7724738,15.9822857,2298868670,2021-01-03,9:42:10
520,599,511,9.329496,125.554433,7626650547,2021-01-03,13:15:35
521,956,547,48.4089744,135.123385,7472591731,2021-01-03,15:59:54
522,847,312,55.8817076,37.720392,5137241852,2021-01-03,8:31:54
523,343,327,48.4590993,-67.4401254,9654440313,2021-01-03,22:35:50
524,57,347,8.508983,125.969667,8119319883,2021-01-03,7:06:39
525,353,215,34.718968,110.693663,1949348231,2021-01-03,10:42:42
526,888,342,10.8780876,122.981075,9055911690,2021-01-03,21:52:36
527,655,361,39.732646,112.040028,7476970236,2021-01-03,11:15:47
528,608,235,53.31611,40.70806,5067990905,2021-01-03,8:53:23
529,340,421,39.109563,117.223371,7802579879,2021-01-03,7:14:30
530,792,422,-10.8561052,122.9803837,8806156614,2021-01-03,10:23:16
531,427,622,36.7844993,126.4503169,5574451390,2021-01-03,18:48:10
532,596,653,50.0055345,20.5122334,5079216983,2021-01-03,11:41:35
533,701,633,-3.0114,133.7626,1387138238,2021-01-03,20:38:13
534,988,333,26.12829,102.45004,1008994556,2021-01-03,9:15:52
535,838,226,31.8127435,-9.3381766,4411301038,2021-01-03,11:21:27
536,624,207,8.874948,125.660068,2503326602,2021-01-03,8:10:32
537,973,452,29.655143,121.406995,8591420069,2021-01-03,22:39:46
538,725,341,27.254639,102.555028,3514442952,2021-01-03,18:02:29
539,426,540,49.7624347,19.0904515,6884009100,2021-01-03,15:00:54
540,476,411,1.5376351,110.321945,2872143072,2021-01-03,20:43:45
541,895,104,48.1096576,5.1345996,2763811186,2021-01-03,13:47:29
542,80,192,44.3914666,2.4935416,5683167597,2021-01-03,11:57:41
543,139,381,28.532422,118.592707,8882322345,2021-01-03,20:10:32
544,157,187,41.3836182,-8.4170742,9848579869,2021-01-03,15:35:01
545,368,304,54.134434,51.5316589,3663941556,2021-01-03,17:58:45
546,59,112,63.5239965,16.4712058,9006049030,2021-01-03,18:55:03
547,557,222,34.379742,117.788836,6376042699,2021-01-03,15:02:05
548,919,249,-7.5009787,108.7987084,9171691179,2021-01-03,10:27:05
549,961,271,49.1333104,13.740288,5688910959,2021-01-03,7:11:47
550,776,427,3.0646746,97.3290405,8226318154,2021-01-03,14:01:02
551,312,336,38.235041,115.726317,3761186689,2021-01-03,20:35:58
552,379,211,-6.4178271,106.0904721,4012986264,2021-01-03,11:24:21
553,679,261,29.9305879,-95.5984925,8326141249,2021-01-03,7:53:06
554,558,353,58.6841957,15.7513324,3819590180,2021-01-03,13:30:12
555,835,209,52.6924095,14.6086793,7211802025,2021-01-03,9:35:23
556,35,433,29.985295,122.207215,7618983577,2021-01-03,18:26:53
557,133,531,50.69625,17.38516,5524135846,2021-01-03,18:36:12
558,597,382,48.455754,-123.3599687,5742699864,2021-01-03,9:11:53
559,120,441,24.5552816,68.9071861,7602338942,2021-01-03,15:21:34
560,234,338,54.25645,-8.4627451,3372158853,2021-01-03,20:28:51
561,270,282,27.951331,92.009188,4241708337,2021-01-03,18:43:42
562,15,77,15.18533,43.51122,4715642892,2021-01-03,19:29:05
563,331,304,15.2402083,-91.8440552,9024867428,2021-01-03,17:45:37
564,9,406,31.93957,121.012416,3832838501,2021-01-03,12:52:44
565,489,396,-6.4306844,106.7175669,9859468001,2021-01-03,12:49:35
566,906,183,27.6486636,84.4172666,2334490701,2021-01-03,12:03:46
567,443,329,-7.6374665,112.8880068,3743450166,2021-01-03,15:42:37
568,912,80,-34.5499678,-58.5497795,3967095563,2021-01-03,13:04:13
569,765,146,51.2755072,23.4378883,9329057134,2021-01-03,18:43:56
570,602,646,39.553172,98.981746,8009829376,2021-01-03,15:01:26
571,610,517,28.109577,107.269482,2216219257,2021-01-03,7:58:37
572,109,384,37.175532,121.790282,2189366600,2021-01-03,20:55:39
573,983,407,11.5218308,13.6883765,9383923790,2021-01-03,10:46:36
574,720,157,-31.4505323,-64.1847851,1237683581,2021-01-03,18:43:52
575,821,213,45.5206082,18.6747675,6804899352,2021-01-03,12:30:32
576,214,456,12.304106,124.834849,5429096614,2021-01-03,22:19:54
577,717,229,3.5611792,98.8799525,7342545057,2021-01-03,8:48:17
578,362,490,52.0391192,39.7408362,9962486212,2021-01-03,15:52:51
579,548,444,36.3489618,37.5347993,8636357435,2021-01-03,8:58:20
580,371,197,-6.4306844,106.7175669,6529678147,2021-01-03,10:34:06
581,873,514,34.80278,113.308961,9925206729,2021-01-03,17:37:08
582,105,424,30.128901,104.627636,5125200934,2021-01-03,20:39:13
583,565,636,58.8882592,45.709456,4212717841,2021-01-03,10:38:27
584,450,162,22.948016,113.366904,2672736720,2021-01-03,11:45:13
585,902,202,34.28,-118.7,8052617379,2021-01-03,13:49:50
586,962,243,14.6822054,121.0676438,6962676511,2021-01-03,9:35:30
587,849,64,41.129239,-8.207141,4451422547,2021-01-03,12:45:01
588,801,132,59.8346001,10.4365687,8654208369,2021-01-03,14:21:32
589,399,230,36.1069958,-79.8522564,3364577262,2021-01-03,19:29:17
590,143,374,41.3743894,-7.6099869,5535746899,2021-01-03,21:26:56
591,771,270,29.703113,107.389298,7697001196,2021-01-03,9:59:50
592,162,281,48.167927,115.873421,3317045832,2021-01-03,20:46:32
593,267,103,14.5639944,121.0326387,6326907050,2021-01-03,20:49:14
594,389,391,-7.0727,108.0258,4342817621,2021-01-03,22:46:38
595,103,53,57.162312,23.2197229,1269728313,2021-01-03,7:21:29
596,228,375,49.57642,21.86815,8536127444,2021-01-03,13:36:25
597,493,251,19.482042,-99.1985584,6585607210,2021-01-03,21:39:25
598,256,401,45.1596128,19.1621323,7001513096,2021-01-03,20:50:39
599,5,238,33.9419512,133.7812773,9732514148,2021-01-03,12:06:34
600,672,293,27.6486636,84.4172666,7201058208,2021-01-03,21:24:46
601,923,468,10.789771,-74.755201,9943273777,2021-01-03,13:59:40
602,393,188,-2.0908079,111.2606554,1039140260,2021-01-03,8:19:28
603,751,422,55.900378,37.387813,7528380318,2021-01-03,19:19:46
604,249,213,60.5381467,15.427113,9269352897,2021-01-03,7:14:15
605,593,243,35.5037598,128.7464415,6825031839,2021-01-03,9:37:04
606,995,1,6.0312787,7.5626411,2792806223,2021-01-03,15:49:35
607,608,368,10.7480929,106.6352362,5108157680,2021-01-03,14:27:58
608,474,428,51.6325636,22.2519345,3512790134,2021-01-03,8:13:14
609,169,491,29.980362,119.420836,9291620161,2021-01-03,14:40:44
610,66,464,28.435584,116.483259,6361602731,2021-01-03,16:20:44
611,823,416,14.4409724,120.9950071,1989705956,2021-01-03,8:39:56
612,65,251,-15.3238828,-70.0737598,3404667831,2021-01-03,9:55:24
613,161,589,14.155481,120.92747,8462904901,2021-01-03,12:03:38
614,543,401,4.6802367,-74.2296713,3561575519,2021-01-03,10:25:56
615,797,441,63.3767052,23.472317,6177534403,2021-01-03,20:39:51
616,150,313,-1.8213645,125.379537,9639555741,2021-01-03,15:20:18
617,214,565,22.826877,107.840624,1918955924,2021-01-03,14:38:15
618,127,349,45.417087,-0.302506,1112319714,2021-01-03,21:29:54
619,879,320,46.65684,87.77418,7154955198,2021-01-03,22:50:12
620,787,397,-1.2782708,-80.4243066,9353753909,2021-01-03,17:17:41
621,291,466,-6.9149429,107.5890217,4554253644,2021-01-03,12:25:17
622,769,307,39.9041999,116.4073963,1284256303,2021-01-03,11:37:36
623,699,239,-10.1748845,123.5714032,9985520301,2021-01-03,16:53:50
624,122,429,43.8273805,1.3951553,1595782346,2021-01-03,17:48:52
625,736,546,50.909807,22.8346659,8404407929,2021-01-03,12:53:55
626,16,392,41.4358155,-8.3999197,9227942852,2021-01-03,15:17:10
627,838,311,36.373345,100.103317,7613038089,2021-01-03,7:53:34
628,641,385,51.626324,39.4129061,4171878118,2021-01-03,22:36:14
629,112,139,11.0678757,-63.9201942,1795393267,2021-01-03,12:30:25
630,922,147,36.545015,104.138586,5192672324,2021-01-03,7:01:34
631,974,157,-34.6312662,-58.4798082,6529221954,2021-01-03,13:37:42
632,868,479,10.0850213,-67.9195741,3266753995,2021-01-03,9:27:11
633,770,253,47.221906,-1.605738,1538775328,2021-01-03,13:30:48
634,645,284,52.4219719,85.6978029,8743392301,2021-01-03,9:12:52
635,847,370,-6.9534286,111.5021144,1963202969,2021-01-03,20:49:00
636,12,541,1.8480062,114.8923533,3323915266,2021-01-03,15:37:11
637,741,101,16.5235265,102.0832543,1229736538,2021-01-03,19:21:01
638,21,338,40.659329,44.0188716,2088994844,2021-01-03,12:07:43
639,488,421,29.208918,119.460526,1401206526,2021-01-03,13:54:39
640,562,196,33.5668566,-83.477106,3458461323,2021-01-03,11:49:30
641,310,224,32.3506936,-95.3018275,9035019634,2021-01-03,13:16:37
642,838,216,-9.5541709,119.0285355,2435131280,2021-01-03,10:26:20
643,970,123,10.4868673,-66.739712,6765734064,2021-01-03,14:24:09
644,873,500,46.0765073,-66.7299108,4714418238,2021-01-03,12:17:51
645,984,256,1.480524,99.0267076,4003063595,2021-01-03,15:21:02
646,1,259,48.0762327,-0.7609009,5375358149,2021-01-03,20:44:12
647,853,367,22.816884,115.830376,3311024441,2021-01-03,19:11:42
648,974,604,52.1350237,83.3181593,8724515785,2021-01-03,20:06:54
649,566,390,27.029507,113.732949,7654174358,2021-01-03,18:25:35
650,500,270,31.02364,121.215916,5322879965,2021-01-03,9:19:24
651,210,287,52.5363656,19.7751366,8766542730,2021-01-03,10:05:55
652,270,312,7.20312,124.796217,2962309727,2021-01-03,20:56:09
653,535,125,7.8910267,-11.9041439,6622728210,2021-01-03,20:41:50
654,821,49,46.4354039,141.859272,6073619438,2021-01-03,13:13:14
655,577,141,59.277977,15.211673,4532528501,2021-01-03,19:33:08
656,313,143,-19.7619024,-44.0853572,1769052499,2021-01-03,8:02:16
657,735,436,39.9041999,116.4073963,7792059247,2021-01-03,14:40:51
658,557,542,38.56077,114.250474,3691691174,2021-01-03,18:44:17
659,426,296,26.497765,101.738528,3285719930,2021-01-03,22:11:51
660,952,390,-1.5798321,-48.598804,2475945417,2021-01-03,14:43:31
661,114,461,-34.7356949,-58.6340339,8866779192,2021-01-03,10:36:24
662,804,385,-8.7765432,116.5093719,9466194870,2021-01-03,13:27:34
663,590,253,1.1963019,104.1019324,4033366067,2021-01-03,10:44:24
664,705,455,10.2600338,123.958258,9369263825,2021-01-03,15:23:43
665,165,254,53.1001509,34.0612529,4574997938,2021-01-03,14:12:27
666,664,250,54.9257823,20.3700368,9416584100,2021-01-03,16:25:00
667,205,356,46.3940407,14.4979088,9059740372,2021-01-03,9:29:49
668,720,581,32.770894,119.745363,6914505806,2021-01-03,12:42:37
669,424,611,35.4889372,139.3909552,3143191415,2021-01-03,13:18:54
670,731,329,-18.4097245,-49.2162908,2153778302,2021-01-03,18:26:03
671,308,477,35.3465609,136.313308,9194226153,2021-01-03,7:10:18
672,13,301,57.4357357,13.9788932,2006011273,2021-01-03,16:34:52
673,790,226,31.347049,120.695047,3605986098,2021-01-03,12:21:59
674,510,14,-8.2182795,112.2950314,5586268600,2021-01-03,16:29:16
675,554,230,36.1398393,128.1135947,9985019466,2021-01-03,20:07:20
676,238,319,34.64921,70.5914,7632813074,2021-01-03,17:43:06
677,589,172,59.2348351,18.100292,3656589519,2021-01-03,13:55:48
678,137,382,10.6968843,106.8907696,8051319655,2021-01-03,21:17:47
679,730,254,58.6247472,59.8241142,6479215899,2021-01-03,20:42:48
680,837,294,22.5341348,114.1162219,6091370264,2021-01-03,10:22:02
681,171,342,11.8759644,-86.0504111,7159163092,2021-01-03,18:51:11
682,789,312,13.7191394,100.2207634,8492806499,2021-01-03,14:57:00
683,205,136,-8.3661,114.6568,4935859638,2021-01-03,21:28:51
684,721,243,43.8699654,21.0688871,9622455353,2021-01-03,16:02:24
685,829,388,-7.3743397,110.2648159,9183243481,2021-01-03,22:28:21
686,595,173,-8.3251,112.4501,6755061623,2021-01-03,10:32:32
687,677,376,40.87642,71.1022,4348452665,2021-01-03,10:47:53
688,970,216,-22.8664464,-51.3906526,5668614620,2021-01-03,7:17:53
689,965,490,47.5113895,1.820875,6217091060,2021-01-03,7:08:45
690,735,231,25.6923524,-100.2558064,6844137254,2021-01-03,13:50:11
691,668,348,45.902561,115.358704,5418177680,2021-01-03,16:12:01
692,390,275,45.6838431,28.6143107,8875229983,2021-01-03,8:02:59
693,635,244,-33.95115,-62.97238,8858413551,2021-01-03,20:51:37
694,931,382,34.5601745,-5.3710551,3333791343,2021-01-03,9:47:32
695,587,392,57.7272213,14.7410285,3892060483,2021-01-03,16:27:44
696,578,546,50.4317202,15.8140269,1082345938,2021-01-03,18:41:23
697,667,241,30.594336,105.236903,1746144318,2021-01-03,18:33:29
698,172,193,35.580996,116.986503,1523919529,2021-01-03,19:16:13
699,934,389,6.1205312,-75.2803017,3755411770,2021-01-03,9:56:40
700,585,311,-9.016667,34.8,1257583517,2021-01-03,17:10:32
701,414,443,28.97844,117.151796,2421810868,2021-01-03,17:08:10
702,715,389,13.9734064,121.6889505,6069970062,2021-01-03,18:37:31
703,227,437,-11.730898,-75.5464873,8728247482,2021-01-03,19:02:37
704,127,541,-23.2987827,-45.9662542,8076910852,2021-01-03,18:09:05
705,118,477,16.4175955,-3.664859,8696202367,2021-01-03,20:14:50
706,800,133,-32.7773288,26.6291023,4729242223,2021-01-03,21:18:37
707,812,295,32.323256,105.96282,8056105172,2021-01-03,18:24:02
708,115,302,59.2013654,17.7689811,7936719963,2021-01-03,16:22:54
709,725,343,43.6264177,7.0430136,2833977455,2021-01-03,21:05:25
710,530,299,-8.2298682,112.7509656,6589458049,2021-01-03,14:14:15
711,218,1,30.594336,105.236903,2672507884,2021-01-03,15:03:39
712,173,500,31.239878,121.499673,7772281031,2021-01-03,14:28:12
713,69,109,-7.24562,177.14511,9805395709,2021-01-03,22:07:29
714,113,413,10.5072523,-66.8513772,1457083993,2021-01-03,18:45:15
715,330,318,41.119997,122.070714,9565411341,2021-01-03,18:42:12
716,385,353,39.6012147,-9.0700991,4327037119,2021-01-03,18:10:13
717,889,96,40.450839,44.600998,4103912046,2021-01-03,7:43:35
718,729,355,17.4214483,102.5642447,4874091008,2021-01-03,17:05:30
719,29,371,51.0377956,31.8880994,4006986531,2021-01-03,17:58:28
720,315,185,48.1127929,11.5681872,6223463331,2021-01-03,12:55:16
721,3,198,-5.5844754,105.4771084,9818809010,2021-01-03,15:54:13
722,525,251,-8.2451851,114.9724513,9756122797,2021-01-03,12:02:23
723,112,423,49.44998,-112.65185,4626726762,2021-01-03,16:09:44
724,899,257,40.9163004,-74.172438,8627502986,2021-01-03,14:47:46
725,60,574,47.6124206,39.7100993,6318747214,2021-01-03,17:06:48
726,300,173,-15.7874406,35.030814,4334258467,2021-01-03,22:52:42
727,478,281,36.7806554,137.0779342,4527555847,2021-01-03,21:31:50
728,873,197,-7.1550724,108.1498006,9274557939,2021-01-03,18:16:45
729,856,266,41.01,-85.06,2608346422,2021-01-03,15:55:37
730,395,221,39.5001721,22.8859196,5703168815,2021-01-03,12:34:08
731,184,93,22.354385,110.947043,9827940216,2021-01-03,18:09:11
732,208,249,40.3853464,-8.380125,3748668890,2021-01-03,11:00:33
733,619,202,40.6180185,-8.7338528,4938009147,2021-01-03,12:35:59
734,569,494,-13.5426013,-72.6967861,1244184772,2021-01-03,21:57:08
735,696,328,39.7007906,140.9596925,4257847335,2021-01-03,11:58:22
736,365,231,55.8426843,38.1871216,8676668663,2021-01-03,7:09:51
737,382,258,46.1005467,19.6650593,6339840535,2021-01-03,21:03:20
738,217,234,7.2466086,16.4346979,1502600260,2021-01-03,20:08:24
739,634,237,35.761829,115.029215,8221681066,2021-01-03,18:37:50
740,241,227,25.464681,99.541236,7456093463,2021-01-03,7:07:50
741,223,234,45.4032761,-73.9503607,5569916771,2021-01-03,17:55:57
742,311,275,48.3236333,6.063383,4686369610,2021-01-03,14:22:34
743,630,82,18.2178068,-63.0471786,5122242408,2021-01-03,10:42:27
744,274,172,40.8673649,20.3621596,7383859524,2021-01-03,11:48:27
745,180,51,14.1843767,120.7959491,7675565751,2021-01-03,16:59:43
746,290,318,51.8925044,18.4962253,3309961794,2021-01-03,14:55:53
747,785,277,11.1649599,124.3922901,5111688791,2021-01-03,16:10:04
748,318,459,32.930738,106.908966,8382721386,2021-01-03,18:09:04
749,734,546,-7.0682775,108.430572,7815105448,2021-01-03,13:06:25
750,337,196,58.695946,11.2533509,4485760713,2021-01-03,22:33:19
751,62,197,40.5040992,21.376499,1394753969,2021-01-03,17:31:54
752,300,444,50.2875742,29.5094362,8416053950,2021-01-03,9:07:26
753,522,208,40.562696,-8.768226,9701764718,2021-01-03,11:36:24
754,995,197,48.9124688,2.3977418,7924493604,2021-01-03,19:57:28
755,57,362,52.2608863,6.9041984,2114549445,2021-01-03,11:39:50
756,577,451,9.3607067,-83.7145811,3822816236,2021-01-03,10:42:06
757,69,522,-34.3714108,-58.875663,4996311478,2021-01-03,11:49:25
758,743,234,32.0671,35.08287,5924950293,2021-01-03,20:05:49
759,875,1,53.4487975,-6.176659,7098018119,2021-01-03,10:30:29
760,171,454,45.218223,18.7359718,2925629922,2021-01-03,18:50:04
761,155,254,-6.4930095,106.3875898,4722349664,2021-01-03,8:42:02
762,971,343,35.7441454,138.4737282,7206515579,2021-01-03,11:31:49
763,794,305,17.3091916,99.8434475,1183238344,2021-01-03,17:36:21
764,505,437,10.1315305,124.1775822,2513107732,2021-01-03,11:36:15
765,672,375,23.634675,112.44069,9191008062,2021-01-03,12:04:35
766,754,418,16.0001974,120.6583327,4554306289,2021-01-03,18:45:36
767,284,66,23.692546,116.655206,4525010884,2021-01-03,19:38:36
768,849,270,17.8064459,102.5527505,4736813993,2021-01-03,20:27:34
769,769,364,16.4504042,102.6402895,7326070316,2021-01-03,7:22:07
770,160,493,48.9308651,6.0376291,6655301686,2021-01-03,19:30:23
771,622,162,6.950203,80.638098,6736835139,2021-01-03,21:18:50
772,578,325,45.5623078,18.188947,6911733421,2021-01-03,15:16:15
773,591,373,-1.5105199,101.2750531,8377209089,2021-01-03,22:39:59
774,949,311,4.8413815,-72.9899505,3143331885,2021-01-03,10:54:08
775,385,461,42.5442603,22.9616227,7379599846,2021-01-03,18:28:47
776,412,492,50.2464907,12.905216,5813016259,2021-01-03,19:29:07
777,930,300,22.993423,113.718807,5556851197,2021-01-03,11:44:19
778,674,256,44.335532,85.625121,5715423935,2021-01-03,13:46:25
779,542,456,-23.3233727,-46.7294577,9798961726,2021-01-03,14:48:07
780,12,364,50.701693,20.3707749,8383563416,2021-01-03,13:00:34
781,214,275,34.0055653,133.5697428,8188273748,2021-01-03,14:49:54
782,417,326,10.4825247,105.4771084,5414023887,2021-01-03,12:54:07
783,671,384,-8.2399,124.4052,1045541358,2021-01-03,10:40:53
784,7,97,22.270978,113.576677,3299977660,2021-01-03,22:37:11
785,228,208,15.5379,120.6385,5769577668,2021-01-03,8:56:49
786,796,230,-34.493672,-58.5854528,2385384061,2021-01-03,11:03:24
787,435,230,40.546361,117.659499,7948649344,2021-01-03,20:39:42
788,531,247,5.9,6.833333,2195066896,2021-01-03,19:24:51
789,316,466,-32.6480698,-61.2103496,7896248625,2021-01-03,19:40:54
790,788,298,13.8188768,120.1990703,3337699743,2021-01-03,13:57:32
791,978,470,16.879252,121.586713,8535503770,2021-01-03,18:36:11
792,842,349,38.416663,112.734174,9627899190,2021-01-03,12:55:37
793,613,200,49.7863419,21.9461429,9404837124,2021-01-03,14:27:14
794,153,225,51.444601,-0.1549619,2082278695,2021-01-03,8:42:08
795,915,324,40.910754,22.8722799,2111978456,2021-01-03,8:17:55
796,96,421,24.7021073,121.7377502,8978517215,2021-01-03,13:23:46
797,205,377,-35.3876097,-64.2828611,4147724483,2021-01-03,7:44:37
798,887,535,53.5279846,14.5886573,2504254616,2021-01-03,9:49:33
799,77,69,37.429832,110.88907,3431746049,2021-01-03,21:42:42
800,747,352,5.5382999,-73.632154,3941173092,2021-01-03,10:40:46
801,995,277,25.770509,113.014717,1487098824,2021-01-03,14:52:48
802,821,60,52.2454069,16.8470545,5882748880,2021-01-03,18:38:21
803,336,84,40.9981633,47.8699826,2037219691,2021-01-03,15:02:37
804,36,296,40.2544003,44.6027766,4944636781,2021-01-03,17:16:41
805,358,181,10.3550571,0.4738293,1101649594,2021-01-03,9:27:39
806,964,218,63.296708,18.679327,2647705913,2021-01-03,15:27:27
807,810,120,40.2074194,22.4387178,3691108877,2021-01-03,7:37:07
808,264,367,-15.5544752,-49.9417277,6711335578,2021-01-03,16:29:28
809,481,163,6.1244023,100.3674801,2911378758,2021-01-03,15:59:58
810,167,288,59.6740144,16.7259208,9732684978,2021-01-03,15:16:47
811,528,478,43.3667218,-72.3412362,9402521173,2021-01-03,12:37:34
812,637,550,10.9556419,-72.795543,2251005764,2021-01-03,17:16:23
813,463,186,22.2866176,114.148724,1298875004,2021-01-03,16:07:36
814,871,167,58.4633132,36.4116086,3888322563,2021-01-03,11:11:45
815,925,182,52.2572052,18.3266994,4582635989,2021-01-03,11:12:30
816,772,269,42.632281,122.980034,5371767981,2021-01-03,18:10:51
817,785,315,-20.5362627,47.2459749,2026068307,2021-01-03,9:18:21
818,702,458,-18.3714305,-54.6972774,7219570502,2021-01-03,19:18:23
819,359,400,41.3398084,-8.1462729,9993368088,2021-01-03,9:15:56
820,748,311,38.4613914,70.7896966,3564487712,2021-01-03,22:55:51
821,850,349,50.7736289,14.4728422,2771272879,2021-01-03,16:50:15
822,587,430,17.5736896,121.7366394,2294812497,2021-01-03,9:05:53
823,459,634,-32.947692,-60.6743215,4561531868,2021-01-03,19:19:23
824,834,192,40.1675841,-8.4639317,5448530187,2021-01-03,14:37:06
825,48,417,43.7365869,27.2601131,1475686277,2021-01-03,20:42:14
826,151,471,12.6392316,-8.0028892,6555745856,2021-01-03,19:56:12
827,773,193,3.698492,-73.697308,3092751914,2021-01-03,9:39:51
828,830,292,54.2207765,18.9709477,2605653819,2021-01-03,12:08:59
829,36,258,48.7114913,23.1850055,3576066771,2021-01-03,7:31:54
830,279,372,-6.264999,106.8513919,1459562452,2021-01-03,15:04:30
831,918,202,-6.7498213,110.7245903,1715044626,2021-01-03,16:34:00
832,924,251,48.8693156,2.3501981,6752312924,2021-01-03,18:29:46
833,36,218,39.1441,117.158719,6963239641,2021-01-03,20:23:01
834,299,207,11.2428856,-73.4062342,8863965507,2021-01-03,21:25:50
835,111,338,44.2171148,0.6352163,1334509633,2021-01-03,9:12:29
836,320,121,23.3790333,113.7632828,7984077386,2021-01-03,12:21:18
837,486,526,-12.2369022,-75.7455074,8455831598,2021-01-03,12:20:39
838,761,558,56.2621893,34.3028279,1586023793,2021-01-03,9:06:13
839,874,348,-6.334631,106.9093,2886058795,2021-01-03,10:45:44
840,760,360,19.4102526,-99.0073673,6549457075,2021-01-03,21:40:03
841,121,328,6.6493305,6.3917654,3509466440,2021-01-03,17:44:10
842,984,285,-6.6870824,106.8089885,8545614280,2021-01-03,18:03:19
843,12,452,-7.2030729,112.0237903,6709799005,2021-01-03,7:46:11
844,949,265,25.6775595,-100.2596935,5676192917,2021-01-03,14:37:29
845,650,294,26.1256441,50.4980362,6516539550,2021-01-03,11:00:41
846,923,320,39.6343248,2.631838,8937187605,2021-01-03,21:30:32
847,14,278,22.5267186,-81.1278814,9914695848,2021-01-03,21:04:09
848,326,201,43.1434185,23.7098368,1408319211,2021-01-03,17:33:55
849,486,145,35.47,-97.52,4058865109,2021-01-03,9:00:05
850,161,244,12.241259,9.9073986,7794429248,2021-01-03,9:23:37
851,348,388,34.0567271,-118.364791,9383842174,2021-01-03,10:30:01
852,523,424,32.6786908,-97.3354531,8172086159,2021-01-03,17:08:40
853,911,259,32.0366011,35.7288398,4792201746,2021-01-03,18:05:39
854,842,374,3.6489578,18.6353764,6603876647,2021-01-03,16:54:30
855,529,543,-8.1061859,112.6407229,9573048603,2021-01-03,20:39:00
856,677,308,49.7898368,19.8466246,2278184709,2021-01-03,15:00:52
857,673,339,55.1795454,61.3396043,3249267962,2021-01-03,16:28:13
858,172,186,60.1347052,10.1579266,4474258354,2021-01-03,18:56:55
859,294,1,25.7357116,-80.3992652,3056148853,2021-01-03,17:20:50
860,859,242,49.7708764,22.0252771,5364472200,2021-01-03,19:13:25
861,664,500,29.270311,88.880492,1422550511,2021-01-03,11:46:49
862,494,147,32.7436286,74.2751428,2352904514,2021-01-03,11:48:11
863,589,289,6.2820276,10.2852532,8408923673,2021-01-03,11:02:38
864,390,346,41.5826404,-6.2652906,6304414704,2021-01-03,10:38:36
865,58,171,41.308715,-8.1332997,2941810306,2021-01-03,8:01:41
866,740,453,44.4286616,125.1864669,3578967496,2021-01-03,22:16:08
867,292,477,38.0324108,114.6843819,6221661073,2021-01-03,18:03:43
868,669,297,46.398418,124.891039,9749742700,2021-01-03,17:10:02
869,521,322,8.165019,126.008096,3431189936,2021-01-03,17:29:21
870,618,242,-7.5363189,108.4038672,4914635217,2021-01-03,7:13:49
871,59,253,-7.7001724,-79.4338188,9571541621,2021-01-03,17:01:40
872,52,430,52.0016128,42.344717,9151200998,2021-01-03,7:42:36
873,948,345,22.356083,112.562369,4164861309,2021-01-03,21:15:41
874,995,262,1.3081095,35.2066038,7593249015,2021-01-03,15:19:04
875,844,290,-26.0012842,31.7594384,9464272941,2021-01-03,21:15:32
876,698,245,39.7494186,-7.9233898,8403429209,2021-01-03,10:38:49
877,688,244,27.519549,114.073416,1472324509,2021-01-03,14:59:28
878,619,333,14.5697429,121.0190818,9996375069,2021-01-03,18:59:07
879,932,334,16.5211599,-88.3712796,4601809915,2021-01-03,14:23:00
880,665,64,31.364042,108.520914,2495549915,2021-01-03,7:59:54
881,275,393,52.9480781,-7.0472382,9394625404,2021-01-03,13:36:02
882,664,268,15.884783,120.341507,2965476599,2021-01-03,13:26:12
883,62,477,4.809984,-74.354009,9368602003,2021-01-03,8:17:00
884,277,177,31.029897,105.220236,2287711805,2021-01-03,20:58:01
885,555,284,-7.7766561,112.1579249,7049869628,2021-01-03,19:36:03
886,364,216,-14.91256,-69.874893,5063793284,2021-01-03,15:46:30
887,699,187,32.993106,97.008784,4353249029,2021-01-03,12:15:11
888,881,108,34.620202,112.453926,7113620148,2021-01-03,18:09:13
889,382,200,-7.3743397,110.2648159,9586077671,2021-01-03,9:09:18
890,156,207,14.4932929,121.0299006,6283156180,2021-01-03,10:45:26
891,154,182,43.2998369,132.0667195,9561622449,2021-01-03,16:06:56
892,719,277,14.2508238,121.1075051,5581729156,2021-01-03,22:48:35
893,346,308,14.8835125,120.7906666,4679056216,2021-01-03,13:05:56
894,205,314,50.66648,-120.3192,3994682872,2021-01-03,11:36:16
895,286,288,-8.5643,116.1492,7813028817,2021-01-03,15:09:04
896,34,594,10.586582,122.142091,8552852075,2021-01-03,9:28:21
897,445,435,42.9267976,-85.6480724,6161605905,2021-01-03,17:56:38
898,791,61,40.5544993,-7.9843201,5227145838,2021-01-03,12:24:55
899,877,232,48.9957904,29.4397153,2079801850,2021-01-03,13:05:06
900,942,212,19.4392516,-99.1636051,7221088391,2021-01-03,15:43:51
901,803,355,-7.6552991,109.9288452,2787302844,2021-01-03,10:22:31
902,399,352,36.8047032,137.4474511,3386084933,2021-01-03,14:46:41
903,302,144,0.0074415,37.0722303,8901867400,2021-01-03,17:48:14
904,160,480,55.7711328,39.1006189,9509461791,2021-01-03,18:59:28
905,598,306,-34.5332237,-58.5074331,5223906193,2021-01-03,18:16:58
906,655,128,41.9585475,-88.0725041,5834799461,2021-01-03,13:31:55
907,148,199,-19.894468,48.8070527,1884225561,2021-01-03,18:22:18
908,600,425,12.0310173,102.2928163,5572108960,2021-01-03,18:27:48
909,542,440,27.6673175,114.4109921,1218314930,2021-01-03,16:54:02
910,891,381,35.7412836,140.5951813,9636645890,2021-01-03,19:48:32
911,301,301,50.13334,20.8861701,9097496532,2021-01-03,10:44:03
912,229,27,24.466675,112.626495,7849129383,2021-01-03,20:51:52
913,809,245,13.5924758,100.1031202,5366689857,2021-01-03,15:27:36
914,561,383,52.0404442,8.4770585,1355908784,2021-01-03,7:08:44
915,65,377,-8.9859417,116.7437518,4276100005,2021-01-03,16:23:58
916,726,159,54.8095591,38.2516419,9894143755,2021-01-03,20:49:53
917,188,264,36.1638733,137.4024848,5824061001,2021-01-03,13:29:29
918,330,365,-8.301379,-78.0084789,6876908675,2021-01-03,14:15:47
919,311,462,4.2743779,-75.931004,2202783954,2021-01-03,20:29:43
920,751,616,8.3976116,14.1727518,7009333040,2021-01-03,15:02:00
921,369,321,49.1931313,-0.3907558,5274518477,2021-01-03,7:51:25
922,917,329,39.109563,117.223371,4508712142,2021-01-03,11:28:55
923,392,219,53.0863997,18.6197864,4915334784,2021-01-03,10:37:13
924,735,177,-7.0416627,110.3998007,8836278820,2021-01-03,21:06:02
925,276,549,23.361531,116.705782,2905917129,2021-01-03,17:28:05
926,749,240,22.1979265,-78.9118506,1624401593,2021-01-03,15:10:29
927,321,253,41.3435561,-8.3773116,8175942312,2021-01-03,10:07:04
928,754,316,38.8678657,-9.4272778,6619479053,2021-01-03,18:38:35
929,158,443,40.2251411,116.7810211,8931543487,2021-01-03,8:12:39
930,622,206,0.5128922,-77.2864879,9219129565,2021-01-03,20:38:35
931,476,433,43.8457071,87.5871999,2246321665,2021-01-03,15:55:18
932,231,393,-6.5596329,111.0534923,9443348821,2021-01-03,14:49:25
933,238,353,31.270415,92.290535,2761523477,2021-01-03,19:27:58
934,911,544,34.7,-118.14,6613917768,2021-01-03,20:47:55
935,100,305,11.7367959,41.0822359,2396822700,2021-01-03,14:10:27
936,972,113,22.099737,113.497052,6452473515,2021-01-03,17:00:31
937,936,122,-19.2277915,-41.1602597,9665701325,2021-01-03,8:18:42
938,231,187,14.3283582,120.9772289,4159008895,2021-01-03,7:55:01
939,479,244,40.8328514,44.1103116,2394249726,2021-01-03,21:21:50
940,438,218,45.4476447,9.1855974,5201329289,2021-01-03,14:16:29
941,215,76,-7.7169,114.0643,9219397737,2021-01-03,10:31:21
942,322,192,39.7271767,20.0598549,9702550652,2021-01-03,19:23:21
943,506,247,-5.5844754,105.4771084,8982624271,2021-01-03,15:34:26
944,619,455,38.97513,26.3684411,6479977490,2021-01-03,8:19:41
945,246,279,34.158997,108.906994,9895726086,2021-01-03,16:46:59
946,539,327,41.05,-73.54,2033034564,2021-01-03,20:07:06
947,166,256,45.323812,133.4113691,4347564238,2021-01-03,11:21:44
948,181,158,23.69589,113.645048,2048346378,2021-01-03,20:01:48
949,15,405,28.220406,121.038129,2202705579,2021-01-03,12:47:44
950,553,509,-25.6221943,-54.5655489,6474419832,2021-01-03,8:14:49
951,108,449,21.6474788,39.7137181,6177908773,2021-01-03,19:30:40
952,396,226,51.4063964,-2.6467239,6964347817,2021-01-03,7:27:25
953,456,53,13.3252954,-1.5257042,4459596149,2021-01-03,12:09:00
954,801,504,52.7401064,15.2665222,9266058889,2021-01-03,12:20:02
955,713,388,-7.1684722,107.9833112,8805734347,2021-01-03,18:02:31
956,221,464,49.3564315,16.6227158,3511534009,2021-01-03,16:05:00
957,99,240,-16.4622905,-54.6210664,4725128057,2021-01-03,14:52:47
958,469,472,18.9313146,-70.4070779,7044894865,2021-01-03,17:15:17
959,860,380,30.592849,114.305539,1951922001,2021-01-03,20:11:36
960,600,221,14.3380654,100.8677256,1374380073,2021-01-03,21:55:40
961,758,385,48.7471816,2.3572729,4157818344,2021-01-03,17:47:00
962,661,390,36.7411205,43.8808488,3773372936,2021-01-03,7:19:23
963,936,438,-6.755504,105.8613233,5432094049,2021-01-03,10:56:56
964,47,193,10.6989729,122.5747412,2213786988,2021-01-03,19:56:53
965,156,70,-24.1089373,-49.3356859,7667897313,2021-01-03,7:52:34
966,754,501,34.9822925,134.9774188,8219763836,2021-01-03,17:45:57
967,523,96,33.723039,-84.3436881,6782402649,2021-01-03,11:36:29
968,713,183,-6.9604107,107.6002254,5846724798,2021-01-03,11:43:54
969,931,314,58.1186443,30.3076575,2244364641,2021-01-03,17:29:23
970,889,190,28.97844,117.151796,5321630162,2021-01-03,11:15:12
971,895,508,5.921153,125.633439,7325227652,2021-01-03,19:19:36
972,518,241,50.6797247,14.6466542,9543814424,2021-01-03,7:57:26
973,718,204,46.152911,-71.885445,1688761958,2021-01-03,15:29:32
974,590,351,23.1243988,113.2475087,5403234204,2021-01-03,9:47:05
975,342,305,-23.4849456,-46.3494828,9626480531,2021-01-03,10:00:19
976,905,243,31.719806,112.257788,6805691793,2021-01-03,22:19:26
977,476,499,23.544678,113.591349,5891104481,2021-01-03,10:37:00
978,741,488,-6.6111441,106.8473377,2033802307,2021-01-03,8:51:51
979,724,183,14.75,-88.533333,3121543774,2021-01-03,8:33:51
980,335,282,37.070834,114.504677,5063889977,2021-01-03,15:48:30
981,967,389,48.9580793,16.9851229,4076752025,2021-01-03,19:55:36
982,234,285,16.5347882,97.6032892,9466294575,2021-01-03,14:29:52
983,272,357,49.1037815,25.9110602,3942472112,2021-01-03,16:20:25
984,165,192,-31.3393,20.9033999,1546385073,2021-01-03,14:13:07
985,487,300,-22.8841363,-48.4412549,5177443003,2021-01-03,11:10:07
986,596,180,52.6738562,41.7631303,3698716964,2021-01-03,12:37:42
987,579,421,37.083896,55.1706992,3301109908,2021-01-03,17:05:37
988,396,499,4.5943745,-74.0740729,5596841192,2021-01-03,10:53:41
989,472,438,40.3208847,-76.8836261,7177573062,2021-01-03,15:43:28
990,504,348,38.1304493,47.9437099,4067637089,2021-01-03,22:15:14
991,57,235,-16.7698232,31.5769572,4559299959,2021-01-03,7:38:36
992,187,385,11.825138,42.590275,5725514362,2021-01-03,9:25:56
993,413,618,31.5909061,120.4927974,1821545370,2021-01-03,12:58:26
994,251,381,-8.244,123.7805,4585895482,2021-01-03,22:48:52
995,657,390,-8.39427,116.3426552,3822719350,2021-01-03,12:38:57
996,623,370,40.1336715,44.6507762,6693000328,2021-01-03,17:46:08
997,77,428,-7.0090256,23.4537973,5084602891,2021-01-03,10:07:09
998,223,367,-20.3596647,-41.95889,1379968046,2021-01-03,17:40:41
999,776,240,44.087585,131.122915,5736597917,2021-01-03,21:26:03
1000,802,238,41.1693186,-8.5341147,1389790000,2021-01-03,13:47:09
